seq_idx,baseline_rmsd_A,framework_rmsd_A,paired_diff_A
0,0.765858,1.047822,-0.281963
1,0.799123,0.808060,-0.008937
10,1.058942,0.979290,0.079652
100,0.825794,0.822223,0.003571
101,0.647591,0.961755,-0.314164
102,0.877171,1.021894,-0.144723
103,0.965176,0.946738,0.018438
104,0.821176,0.849733,-0.028557
105,0.627085,0.916702,-0.289618
106,0.801241,0.834634,-0.033393
107,0.723125,0.835719,-0.112594
108,0.887551,1.171060,-0.283509
109,0.621880,0.873381,-0.251500
11,1.152952,0.827326,0.325626
110,0.785527,0.918046,-0.132519
111,0.953004,0.787264,0.165739
112,0.768324,0.818612,-0.050287
113,0.757673,0.833044,-0.075371
114,0.982615,0.828957,0.153658
115,0.874888,1.118722,-0.243834
116,0.881710,0.852590,0.029120
117,0.810071,0.857706,-0.047635
118,0.666419,0.643598,0.022821
119,0.685924,1.181506,-0.495582
12,0.802090,1.056444,-0.254354
120,0.861304,1.002868,-0.141565
121,0.675276,0.854589,-0.179313
122,0.664413,0.743316,-0.078904
123,0.907072,1.123439,-0.216367
124,0.942981,0.850761,0.092220
125,0.777717,1.209476,-0.431760
126,0.591346,0.743871,-0.152525
127,0.863681,0.665338,0.198343
128,0.748480,0.876446,-0.127965
129,0.766426,1.009799,-0.243373
13,0.993992,1.029086,-0.035093
130,0.882044,1.147009,-0.264964
131,0.712315,0.836273,-0.123958
132,0.924220,1.166631,-0.242411
133,0.848202,0.733248,0.114954
134,0.835772,0.750490,0.085282
135,0.717870,0.916816,-0.198946
136,0.906409,1.213649,-0.307240
137,0.921805,0.826819,0.094985
138,0.781893,0.825821,-0.043928
139,0.713284,0.869646,-0.156362
14,0.766818,1.129900,-0.363082
140,0.756275,0.953076,-0.196800
141,0.915817,0.769673,0.146144
142,0.863907,1.059424,-0.195518
143,0.672304,0.903566,-0.231262
144,0.835854,0.744420,0.091434
145,0.786025,0.979000,-0.192975
146,0.799567,0.865942,-0.066376
147,0.785947,1.154647,-0.368700
148,0.842895,0.822408,0.020487
149,0.767519,0.895021,-0.127503
15,0.991193,0.834469,0.156724
150,0.886286,0.735574,0.150712
151,0.878789,0.850884,0.027905
152,0.762167,0.743056,0.019110
153,1.055691,1.030917,0.024773
154,0.641102,0.906749,-0.265647
155,0.980313,0.677928,0.302385
156,0.760259,0.858443,-0.098184
157,0.889671,0.882429,0.007241
158,1.166824,1.035597,0.131227
159,0.727917,0.835582,-0.107665
16,0.937124,0.821736,0.115388
160,0.623783,1.032612,-0.408829
161,0.726489,0.623221,0.103268
162,1.252939,0.700830,0.552109
163,0.920837,0.962286,-0.041449
164,0.984417,1.126336,-0.141919
165,0.734334,1.229118,-0.494784
166,0.887388,0.897216,-0.009828
167,0.867510,1.049082,-0.181572
168,0.722061,0.938562,-0.216501
169,0.631500,0.928693,-0.297193
17,0.718652,0.826934,-0.108282
170,0.779135,0.833403,-0.054268
171,0.869734,0.850886,0.018848
172,0.801342,0.622924,0.178418
173,0.902171,0.828109,0.074062
174,0.798630,0.996223,-0.197593
175,0.902232,0.749466,0.152767
176,0.854420,0.877071,-0.022652
177,1.009536,1.121585,-0.112049
178,0.870078,0.814635,0.055443
179,0.784960,0.764866,0.020094
18,0.762671,0.830319,-0.067648
180,0.869403,1.005102,-0.135698
181,0.763721,0.754491,0.009231
182,0.840249,0.732419,0.107831
183,0.681677,0.745575,-0.063898
184,0.703295,0.741871,-0.038575
185,0.758715,0.880705,-0.121990
186,0.884479,1.086395,-0.201916
187,0.725867,0.878671,-0.152804
188,0.865538,0.842915,0.022623
189,0.732395,0.988894,-0.256499
19,0.803504,0.733865,0.069639
190,0.774019,0.798143,-0.024124
191,0.863742,0.884935,-0.021193
192,0.724144,1.054345,-0.330201
193,0.689216,0.870123,-0.180907
194,0.916131,1.097449,-0.181318
195,0.727300,0.855644,-0.128344
196,1.089612,0.737591,0.352021
197,0.832930,0.721097,0.111832
198,0.737681,0.845240,-0.107559
199,0.774484,0.804848,-0.030365
2,0.870480,0.961994,-0.091514
20,0.729283,0.998098,-0.268816
200,0.825912,0.989185,-0.163273
201,0.737440,1.078408,-0.340968
202,0.897716,0.818989,0.078728
203,0.714676,0.856605,-0.141929
204,0.711024,0.842161,-0.131136
205,0.871428,0.912871,-0.041443
206,0.778457,0.768099,0.010359
207,0.678672,0.750125,-0.071453
208,0.848001,0.706184,0.141817
209,0.807341,0.829778,-0.022437
21,0.876572,0.793948,0.082624
210,1.177564,0.979593,0.197971
211,0.926127,0.776389,0.149738
212,0.673849,0.830828,-0.156979
213,0.808455,0.739759,0.068696
214,0.782323,0.737105,0.045218
215,0.801432,1.324412,-0.522980
216,0.713278,0.794384,-0.081107
217,0.842733,0.914719,-0.071986
218,0.951406,0.749487,0.201919
219,0.843278,0.923739,-0.080461
22,0.888805,0.829226,0.059579
220,0.804563,1.059510,-0.254948
221,0.621276,0.871549,-0.250273
222,0.814787,1.036489,-0.221702
223,0.968528,0.907962,0.060566
224,0.727086,1.096595,-0.369509
225,0.819627,0.849154,-0.029527
226,0.897110,0.949940,-0.052829
227,1.021358,0.747084,0.274274
228,0.816993,1.093890,-0.276897
229,0.931003,1.067947,-0.136944
23,0.574395,0.967051,-0.392656
230,0.805519,1.033296,-0.227778
231,0.727490,0.964872,-0.237383
232,0.774092,1.124755,-0.350663
233,0.856967,0.730578,0.126389
234,1.058689,1.097299,-0.038610
235,0.796225,1.052593,-0.256369
236,0.722395,1.041161,-0.318765
237,0.769052,0.835684,-0.066631
238,0.782101,0.939927,-0.157826
239,0.742748,0.707026,0.035721
24,0.938260,0.900015,0.038246
240,0.796160,0.897020,-0.100860
241,0.688953,0.803205,-0.114252
242,0.924329,0.772621,0.151708
243,0.702929,1.079532,-0.376603
244,0.830496,0.885842,-0.055346
245,0.923144,1.029814,-0.106669
246,0.673566,0.827869,-0.154303
247,0.828700,0.829015,-0.000315
248,0.831852,1.094188,-0.262336
249,0.568332,0.871128,-0.302796
25,0.967948,0.654384,0.313565
250,0.952414,0.708225,0.244189
251,1.043871,1.181912,-0.138041
252,0.841248,1.067884,-0.226636
253,0.841513,0.690983,0.150530
254,0.887676,0.701001,0.186675
255,0.965269,0.710748,0.254521
256,1.058728,0.601928,0.456800
257,0.794803,0.871031,-0.076228
258,0.827200,0.631368,0.195832
259,0.898691,0.773502,0.125188
26,0.813845,1.029029,-0.215184
260,0.734372,0.774468,-0.040096
261,1.003652,0.858440,0.145212
262,1.109522,0.925608,0.183914
263,1.135218,0.835563,0.299655
264,0.922058,0.823474,0.098584
265,0.899411,0.711640,0.187771
266,0.837256,0.903933,-0.066677
267,1.023833,0.941425,0.082408
268,1.048828,0.815587,0.233241
269,1.028766,1.047495,-0.018729
27,0.761989,0.675255,0.086734
270,1.052328,0.698235,0.354093
271,0.940262,0.830657,0.109606
272,0.853188,0.824431,0.028758
273,0.963590,0.878559,0.085031
274,1.029419,0.926381,0.103038
275,1.131552,0.865854,0.265698
276,0.988138,0.859135,0.129002
277,0.965708,0.844377,0.121331
278,0.980663,0.873856,0.106807
279,1.147389,0.703891,0.443499
28,0.739557,0.681636,0.057921
280,1.185040,1.049644,0.135396
281,1.214384,0.819376,0.395008
282,1.159732,1.066155,0.093576
283,1.017306,0.775708,0.241597
284,0.823774,0.795644,0.028130
285,1.008856,0.802839,0.206016
286,1.003301,0.928015,0.075286
287,1.183316,0.804475,0.378840
288,0.848100,0.821789,0.026311
289,0.858531,0.867176,-0.008645
29,0.992768,0.827477,0.165292
290,0.808250,0.960544,-0.152294
291,1.100681,0.702367,0.398314
292,0.901982,0.854173,0.047809
293,1.009064,1.015812,-0.006749
294,0.973817,0.691244,0.282573
295,0.864499,0.821661,0.042837
296,1.112933,0.964209,0.148724
297,0.882813,0.813880,0.068933
298,1.227883,0.993371,0.234512
299,1.055737,0.927529,0.128208
3,1.002553,0.674281,0.328272
30,0.736179,0.962082,-0.225904
300,0.890775,0.801141,0.089634
301,0.962607,0.879418,0.083189
302,1.033924,0.839806,0.194118
303,0.910524,0.744187,0.166336
304,0.918502,0.811381,0.107121
305,1.042179,0.832307,0.209872
306,0.956908,0.561182,0.395727
307,1.090812,0.665762,0.425050
308,0.884097,0.912398,-0.028301
309,0.738045,0.906538,-0.168493
31,0.874636,1.007193,-0.132557
310,0.933390,0.833881,0.099509
311,1.172214,0.743305,0.428908
312,1.016443,0.981360,0.035083
313,1.028920,0.936955,0.091965
314,0.768319,0.788413,-0.020094
315,0.783516,0.795478,-0.011962
316,0.827605,0.857626,-0.030020
317,0.977817,0.796913,0.180903
318,1.168843,0.844242,0.324601
319,0.871201,0.740831,0.130370
32,0.688106,1.166707,-0.478601
320,0.894676,1.052519,-0.157843
321,1.125475,1.144765,-0.019290
322,1.169087,0.928087,0.241000
323,0.928626,0.725080,0.203546
324,1.100400,1.049937,0.050463
325,0.919337,0.835538,0.083798
326,1.020037,0.963298,0.056739
327,1.068107,1.005998,0.062109
328,1.393980,0.731218,0.662762
329,0.930135,0.736309,0.193826
33,0.718233,0.887093,-0.168861
330,1.139361,0.942228,0.197133
331,0.846569,0.958139,-0.111570
332,1.094487,0.827197,0.267290
333,1.132093,0.948173,0.183921
334,1.046058,0.976916,0.069142
335,0.872340,0.831916,0.040424
336,1.029542,0.732311,0.297231
337,1.051736,0.919845,0.131891
338,0.947690,0.740218,0.207472
339,0.905619,0.746746,0.158873
34,0.800934,0.902631,-0.101696
340,0.925420,0.928111,-0.002691
341,0.979552,1.075577,-0.096025
342,1.038090,0.900124,0.137967
343,1.146402,0.840669,0.305733
344,1.062332,0.871192,0.191140
345,1.025159,0.827536,0.197623
346,1.033637,0.644860,0.388777
347,0.848466,0.825820,0.022646
348,0.912749,0.755282,0.157467
349,1.005165,0.869030,0.136135
35,0.604296,0.796645,-0.192350
350,0.837403,0.909750,-0.072347
351,1.099674,0.992901,0.106772
352,0.854359,0.944325,-0.089966
353,0.779752,1.076390,-0.296638
354,1.024107,0.986133,0.037974
355,1.205426,0.936699,0.268727
356,1.093234,0.687372,0.405863
357,1.074371,0.964215,0.110156
358,1.212432,0.784555,0.427877
359,1.037142,0.682443,0.354700
36,0.878420,0.932393,-0.053972
360,1.012791,0.883687,0.129103
361,1.073282,0.898787,0.174495
362,1.071990,1.048245,0.023745
363,0.990945,0.824177,0.166768
364,0.885781,0.863011,0.022770
365,1.090127,0.786364,0.303762
366,1.246438,0.951726,0.294712
367,0.892971,1.212041,-0.319070
368,1.186275,0.776822,0.409453
369,1.123240,0.673117,0.450123
37,0.940426,0.822266,0.118159
370,0.929420,0.812637,0.116783
371,1.207342,0.950628,0.256714
372,0.987821,0.725252,0.262569
373,0.886318,0.768165,0.118153
374,1.010593,1.149526,-0.138933
375,1.184321,0.850961,0.333360
376,1.016463,0.804081,0.212382
377,0.957318,1.003003,-0.045685
378,0.800187,0.827786,-0.027599
379,1.013780,0.897236,0.116544
38,0.865111,0.793762,0.071348
380,0.946414,0.984550,-0.038136
381,1.112287,0.778853,0.333434
382,0.824589,0.813303,0.011286
383,0.915631,0.839993,0.075638
384,1.173745,0.850714,0.323031
385,0.877300,0.919113,-0.041813
386,0.993446,0.909096,0.084350
387,0.891296,1.256803,-0.365507
388,0.941615,0.888217,0.053398
389,0.865504,0.986229,-0.120724
39,0.868217,0.914907,-0.046690
390,0.916721,1.060429,-0.143709
391,0.934460,0.799160,0.135300
392,0.965414,0.683821,0.281593
393,1.020071,0.798259,0.221812
394,1.127935,1.139463,-0.011529
395,1.057746,0.899776,0.157970
396,1.113814,0.760570,0.353243
397,0.981532,0.766572,0.214960
398,1.170590,1.172725,-0.002136
399,0.778238,1.156965,-0.378727
4,0.817319,0.798547,0.018772
40,0.616257,0.818171,-0.201914
400,1.018140,0.962144,0.055996
401,0.957156,0.856803,0.100353
402,1.205630,1.088706,0.116924
403,1.040825,0.842550,0.198275
404,0.789355,0.939197,-0.149842
405,1.063326,0.804503,0.258823
406,1.093196,0.834928,0.258268
407,1.036710,1.019251,0.017459
408,0.994839,0.965043,0.029796
409,1.184034,0.866812,0.317222
41,0.755263,0.650280,0.104983
410,1.169463,0.751528,0.417935
411,0.953201,0.852553,0.100648
412,0.938779,0.798569,0.140210
413,1.030111,0.980537,0.049574
414,1.191656,0.862594,0.329062
415,1.007349,0.688215,0.319135
416,1.056343,0.631211,0.425132
417,0.951664,1.091119,-0.139456
418,0.901635,0.929669,-0.028034
419,1.107503,1.073530,0.033973
42,0.710045,0.887132,-0.177087
420,0.962294,1.010943,-0.048649
421,1.012560,1.109373,-0.096813
422,0.911682,0.911580,0.000102
423,0.976609,0.757260,0.219349
424,1.012169,1.036389,-0.024220
425,1.125218,0.868863,0.256354
426,0.841540,0.838055,0.003486
427,0.835442,1.024514,-0.189072
428,1.219675,0.743075,0.476600
429,0.915529,0.703895,0.211634
43,1.053800,0.693828,0.359972
430,1.107636,0.752266,0.355370
431,1.046025,0.584359,0.461667
432,0.943823,0.986006,-0.042183
433,1.047744,0.915766,0.131978
434,0.928285,0.688645,0.239641
435,0.965194,0.851155,0.114039
436,0.830882,0.798288,0.032594
437,0.927838,0.771345,0.156494
438,1.018522,0.725589,0.292933
439,1.026221,0.742174,0.284047
44,0.649534,0.697057,-0.047523
440,0.819194,0.796491,0.022704
441,0.874215,1.043799,-0.169584
442,0.917251,0.812185,0.105066
443,1.032466,1.063182,-0.030717
444,1.152740,0.838957,0.313783
445,0.946387,0.846979,0.099409
446,0.781662,0.798415,-0.016754
447,1.095942,0.837160,0.258782
448,0.849907,0.907086,-0.057179
449,0.988830,0.826542,0.162287
45,0.924395,0.896647,0.027748
450,0.978232,0.744552,0.233680
451,0.878410,0.783104,0.095306
452,0.891552,0.968713,-0.077161
453,1.009058,0.988958,0.020100
454,0.927678,0.817777,0.109901
455,1.045736,1.032390,0.013345
456,0.897020,0.795431,0.101589
457,1.057014,0.823772,0.233242
458,0.912202,0.730903,0.181299
459,0.889626,0.898448,-0.008822
46,0.862519,1.029814,-0.167295
460,1.052734,0.610008,0.442727
461,0.834972,1.203663,-0.368691
462,0.945991,0.681061,0.264930
463,1.023467,0.808687,0.214780
464,0.824362,0.691228,0.133134
465,0.896059,0.680353,0.215706
466,0.980715,0.840020,0.140695
467,1.091632,0.905444,0.186188
468,1.048163,0.937444,0.110719
469,0.932998,0.652186,0.280812
47,0.957377,0.990520,-0.033143
470,1.006614,0.742546,0.264069
471,0.956168,0.795606,0.160562
472,1.385764,0.883393,0.502372
473,0.957678,0.839277,0.118401
474,0.877162,0.855389,0.021773
475,0.991583,1.093818,-0.102235
476,0.914920,0.755832,0.159089
477,1.115906,0.900915,0.214991
478,1.040443,0.791649,0.248794
479,0.974320,0.642025,0.332295
48,0.905845,1.099863,-0.194018
480,0.990410,1.139486,-0.149076
481,1.039881,0.584125,0.455756
482,0.930949,0.764755,0.166195
483,1.044498,1.104089,-0.059591
484,1.018940,0.867964,0.150976
485,0.955259,0.957005,-0.001746
486,0.893264,0.934043,-0.040779
487,0.961696,0.835444,0.126251
488,1.068037,0.663443,0.404594
489,1.177438,0.735177,0.442261
49,0.858836,0.730889,0.127947
490,1.057197,0.742129,0.315068
491,0.841542,0.951356,-0.109814
492,0.835061,0.858620,-0.023559
493,0.970529,0.751771,0.218759
494,1.046362,0.879007,0.167356
495,1.028724,0.825093,0.203632
496,1.009691,0.749316,0.260375
497,0.992899,0.912402,0.080497
498,0.917264,0.755764,0.161501
499,1.117971,0.923944,0.194027
5,0.913244,0.700697,0.212547
50,0.658392,0.979037,-0.320645
500,0.738041,0.983605,-0.245564
501,1.139336,0.896157,0.243180
502,0.981502,0.871009,0.110494
503,0.682554,1.021159,-0.338605
504,0.913526,0.893814,0.019712
505,0.901196,0.931113,-0.029917
506,0.660793,0.803061,-0.142268
507,0.867574,1.121816,-0.254242
508,0.724875,0.724419,0.000456
509,0.918571,0.813380,0.105192
51,0.839960,1.133570,-0.293610
510,0.842848,0.845250,-0.002401
511,0.813547,0.746768,0.066780
512,0.803676,0.747092,0.056584
513,0.733277,0.865585,-0.132308
514,0.854539,0.889864,-0.035325
515,0.754691,0.979435,-0.224744
516,0.726209,1.087852,-0.361643
517,0.698014,0.690630,0.007384
518,0.811675,0.819096,-0.007421
519,0.797898,1.044057,-0.246159
52,0.715546,0.827667,-0.112121
520,0.780756,0.663813,0.116943
521,0.921037,0.753479,0.167558
522,1.238510,1.058414,0.180096
523,0.862428,0.989596,-0.127168
524,0.935572,0.791568,0.144004
525,0.751142,0.810859,-0.059716
526,0.792338,0.837444,-0.045106
527,1.315117,0.838899,0.476218
528,0.815564,0.738601,0.076963
529,0.809793,0.688091,0.121702
53,0.868496,0.809519,0.058977
530,0.620594,0.689795,-0.069201
531,0.726061,0.751178,-0.025117
532,0.724744,1.034394,-0.309650
533,1.123813,0.719939,0.403874
534,1.136393,0.844965,0.291429
535,0.982757,0.927923,0.054834
536,0.884269,0.858743,0.025526
537,0.823721,0.984708,-0.160987
538,0.673362,0.959485,-0.286123
539,0.826854,0.774775,0.052079
54,0.973394,0.827489,0.145905
540,0.865184,0.912409,-0.047225
541,0.859378,0.917432,-0.058054
542,0.698070,0.845977,-0.147907
543,0.836804,1.027918,-0.191114
544,0.844061,0.835956,0.008105
545,0.846774,0.736264,0.110510
546,0.931519,0.734855,0.196664
547,0.603944,1.047111,-0.443167
548,0.767650,0.962505,-0.194855
549,0.735162,0.925754,-0.190591
55,0.878750,0.843006,0.035744
550,0.769847,0.915891,-0.146043
551,0.843280,0.754437,0.088844
552,0.790456,1.010848,-0.220392
553,0.807648,1.054490,-0.246841
554,0.591401,0.598308,-0.006907
555,0.983952,1.083103,-0.099151
556,0.886162,0.817666,0.068496
557,0.755252,0.799678,-0.044426
558,1.074119,0.981199,0.092920
559,0.817123,0.628347,0.188776
56,0.779788,0.980393,-0.200605
560,1.151014,1.033657,0.117358
561,1.152437,0.914061,0.238377
562,0.994439,1.016906,-0.022467
563,0.770471,0.663014,0.107457
564,0.750777,0.705940,0.044836
565,0.828157,0.662808,0.165349
566,0.749439,0.913905,-0.164466
567,0.645799,0.894066,-0.248267
568,0.886139,0.931805,-0.045667
569,0.960521,0.942576,0.017945
57,0.564811,1.071040,-0.506229
570,0.831902,0.690021,0.141881
571,0.809334,1.002958,-0.193624
572,0.682504,0.912336,-0.229833
573,0.667951,0.699258,-0.031307
574,0.822663,0.762528,0.060135
575,0.888771,0.812874,0.075897
576,0.866974,0.793761,0.073213
577,0.811284,0.899660,-0.088376
578,0.832478,0.711875,0.120603
579,0.931251,0.622132,0.309119
58,0.717617,0.877888,-0.160271
580,0.753659,0.944112,-0.190453
581,0.692754,1.009261,-0.316507
582,0.947679,0.887192,0.060487
583,0.967555,0.834735,0.132820
584,0.939965,0.921425,0.018541
585,0.810855,0.835394,-0.024539
586,0.797741,0.741865,0.055876
587,0.950760,1.019692,-0.068932
588,0.781253,0.706711,0.074543
589,0.986797,0.798613,0.188184
59,0.688599,0.669126,0.019473
590,0.663201,0.959354,-0.296154
591,0.711518,0.818383,-0.106864
592,0.829154,1.112144,-0.282990
593,0.875567,0.909826,-0.034259
594,0.793188,0.764054,0.029135
595,0.635635,0.953005,-0.317370
596,1.075515,0.988716,0.086799
597,0.831085,0.664015,0.167070
598,0.792977,0.859864,-0.066886
599,0.924183,0.873331,0.050853
6,0.801117,0.881136,-0.080019
60,0.781814,0.956540,-0.174727
600,0.780035,0.829006,-0.048971
601,0.719297,0.968463,-0.249166
602,0.949874,0.841712,0.108162
603,0.722385,0.680435,0.041950
604,0.623174,0.958423,-0.335249
605,0.779021,0.760303,0.018718
606,0.857243,0.776041,0.081202
607,0.914811,0.716765,0.198046
608,0.848683,0.860552,-0.011869
609,0.787569,1.036514,-0.248944
61,1.137128,0.836083,0.301046
610,0.766479,1.015322,-0.248843
611,0.814754,0.943480,-0.128726
612,0.868148,1.226650,-0.358501
613,0.633801,0.807638,-0.173836
614,0.996569,0.657221,0.339348
615,0.985726,0.789845,0.195881
616,0.729625,0.705775,0.023849
617,0.831071,1.044442,-0.213370
618,0.969786,1.022483,-0.052697
619,1.041104,0.793169,0.247934
62,0.727609,0.818602,-0.090993
620,0.698630,0.785332,-0.086702
621,0.661212,0.937831,-0.276618
622,0.764477,0.696770,0.067707
623,0.918554,0.947108,-0.028554
624,0.877253,0.999237,-0.121984
625,0.740910,0.900114,-0.159204
626,0.819733,1.027330,-0.207597
627,0.782109,1.028408,-0.246299
628,0.911941,0.929962,-0.018021
629,0.707287,0.795570,-0.088282
63,0.708023,1.022322,-0.314299
630,0.886169,0.651234,0.234935
631,0.881157,0.875441,0.005716
632,0.844197,0.871505,-0.027308
633,0.758377,0.917366,-0.158989
634,0.862535,1.247815,-0.385280
635,0.679844,1.009592,-0.329748
636,0.749108,0.997274,-0.248166
637,0.845491,0.946776,-0.101285
638,0.860199,0.898798,-0.038600
639,0.680431,0.651039,0.029392
64,0.802686,0.704714,0.097973
640,0.862311,0.775335,0.086976
641,0.926975,0.854497,0.072478
642,0.730815,0.767901,-0.037086
643,0.894918,0.796511,0.098407
644,0.676544,1.009659,-0.333115
645,0.608389,0.706410,-0.098021
646,0.802563,0.805703,-0.003140
647,0.680246,0.593673,0.086573
648,0.774349,0.753468,0.020880
649,0.916794,0.954051,-0.037257
65,0.707473,0.926140,-0.218667
650,0.964653,1.157902,-0.193249
651,0.698814,1.027954,-0.329140
652,0.750274,0.962400,-0.212126
653,0.811286,1.137337,-0.326051
654,0.889617,0.866091,0.023526
655,0.922354,0.852744,0.069609
656,0.827422,0.942404,-0.114982
657,0.900250,0.978194,-0.077944
658,0.745575,0.813991,-0.068416
659,0.976856,0.758204,0.218652
66,0.898677,0.664978,0.233699
660,0.956111,0.806978,0.149133
661,1.164826,0.887961,0.276865
662,0.810529,0.925384,-0.114855
663,0.792480,0.771744,0.020736
664,0.999268,0.892803,0.106465
665,0.915730,0.999885,-0.084154
666,0.884925,0.738587,0.146339
667,0.699129,1.125230,-0.426101
668,0.942199,0.845728,0.096470
669,0.812143,0.943952,-0.131809
67,0.785562,0.948375,-0.162813
670,0.755618,1.005334,-0.249716
671,0.684300,1.045519,-0.361219
672,0.889410,1.008413,-0.119003
673,0.899184,0.670151,0.229033
674,0.839201,0.645367,0.193834
675,0.934956,0.811059,0.123897
676,0.912514,0.819891,0.092623
677,0.645572,0.782717,-0.137145
678,0.583568,0.784948,-0.201379
679,0.798014,0.893761,-0.095747
68,0.803951,1.215565,-0.411614
680,0.875259,0.816826,0.058433
681,0.755823,0.949538,-0.193715
682,0.840666,0.573086,0.267580
683,0.921630,0.709020,0.212610
684,1.157105,0.940725,0.216380
685,0.788211,0.941751,-0.153540
686,0.794419,0.622434,0.171985
687,0.680078,1.175981,-0.495903
688,0.854566,0.779246,0.075319
689,0.896480,1.021246,-0.124766
69,0.770347,0.751492,0.018856
690,0.685727,1.024996,-0.339269
691,0.773972,0.783855,-0.009882
692,0.698197,0.807372,-0.109175
693,0.749431,0.973058,-0.223627
694,1.102765,0.768064,0.334701
695,0.859222,1.204012,-0.344790
696,0.838164,0.980728,-0.142564
697,0.952445,0.917602,0.034844
698,0.701192,0.697461,0.003731
699,0.880535,1.002533,-0.121998
7,0.720733,0.860905,-0.140172
70,0.669380,0.788148,-0.118768
700,0.793531,0.834028,-0.040496
701,0.832109,0.607871,0.224239
702,0.960711,0.962435,-0.001725
703,0.794566,0.792605,0.001961
704,1.108020,1.022748,0.085271
705,0.894153,0.744676,0.149477
706,0.931508,0.847305,0.084203
707,0.953294,0.672979,0.280314
708,0.738097,0.800846,-0.062749
709,0.942918,0.902071,0.040847
71,0.757915,0.768828,-0.010913
710,0.919350,0.752791,0.166559
711,0.906533,0.954464,-0.047931
712,0.971801,0.708409,0.263393
713,0.848431,0.819567,0.028865
714,0.891271,0.849344,0.041927
715,0.946928,0.842079,0.104850
716,0.799873,0.794565,0.005308
717,0.664778,0.997868,-0.333089
718,0.730133,1.023945,-0.293812
719,0.748884,0.880706,-0.131822
72,0.877687,0.982174,-0.104488
720,0.661477,0.795297,-0.133820
721,1.003020,0.791363,0.211657
722,0.721180,0.684058,0.037122
723,0.811787,0.911439,-0.099652
724,0.920998,0.840355,0.080643
725,0.776154,0.870653,-0.094499
726,0.884503,1.129121,-0.244618
727,0.811259,0.871386,-0.060126
728,0.735543,1.000886,-0.265343
729,0.741028,0.903308,-0.162280
73,0.689563,0.949807,-0.260243
730,1.021537,0.808966,0.212571
731,1.157084,0.797918,0.359166
732,0.927306,1.085173,-0.157867
733,1.218646,0.898348,0.320297
734,0.719600,1.038079,-0.318479
735,1.014882,1.116382,-0.101500
736,0.903821,1.231266,-0.327445
737,0.658695,0.850605,-0.191910
738,1.042671,1.268098,-0.225427
739,0.717205,0.823836,-0.106631
74,0.584513,0.900155,-0.315642
740,1.054357,0.904791,0.149566
741,0.683049,1.059915,-0.376866
742,1.150821,0.894787,0.256034
743,0.646352,0.845115,-0.198763
744,0.972726,0.894291,0.078435
745,0.858257,0.785473,0.072784
746,0.727563,0.727999,-0.000436
747,0.715597,0.880089,-0.164492
748,0.799562,1.012446,-0.212884
749,0.947996,0.707471,0.240524
75,0.993218,0.981979,0.011239
750,0.848346,0.923949,-0.075604
751,1.053298,0.666490,0.386808
752,0.884398,0.769627,0.114771
753,1.088392,0.889691,0.198701
754,0.856543,0.975536,-0.118993
755,0.968144,0.869070,0.099075
756,0.890876,0.787674,0.103202
757,1.029671,1.086282,-0.056611
758,0.911305,0.951797,-0.040493
759,0.951446,1.176376,-0.224931
76,0.799872,0.884557,-0.084686
760,0.981984,0.878657,0.103327
761,0.926754,1.075419,-0.148665
762,1.029945,1.065670,-0.035725
763,0.966242,0.909465,0.056777
764,0.888999,1.302165,-0.413166
765,0.958899,0.900806,0.058092
766,0.905087,0.810627,0.094461
767,0.961024,0.901467,0.059557
768,0.952115,0.799985,0.152130
769,0.839617,0.762378,0.077240
77,1.071105,0.780921,0.290184
770,0.954016,0.901757,0.052259
771,0.916469,0.709090,0.207380
772,0.925295,0.973924,-0.048629
773,0.947852,0.955716,-0.007864
774,1.081818,0.962556,0.119262
775,1.151574,0.813511,0.338063
776,0.876255,0.737528,0.138727
777,0.962254,0.972421,-0.010167
778,0.897298,0.752459,0.144839
779,0.896891,1.027192,-0.130300
78,0.761366,0.838651,-0.077284
780,0.856486,1.008493,-0.152007
781,0.824541,1.000485,-0.175944
782,1.066995,0.779712,0.287283
783,0.919692,0.932491,-0.012799
784,0.939824,0.900056,0.039768
785,0.931159,1.061272,-0.130114
786,0.856988,0.700609,0.156380
787,0.878100,0.759515,0.118585
788,1.048432,1.133843,-0.085411
789,1.053231,0.861249,0.191982
79,0.743158,0.892992,-0.149834
790,0.886717,0.789132,0.097585
791,1.215294,1.009489,0.205805
792,1.010879,0.821427,0.189452
793,0.847947,0.967433,-0.119486
794,0.924129,0.699772,0.224357
795,1.039976,0.951413,0.088563
796,0.911223,0.849162,0.062061
797,1.088719,0.925526,0.163193
798,0.922489,0.624945,0.297544
799,1.141812,0.952429,0.189383
8,0.779444,0.879489,-0.100045
80,0.844867,0.825074,0.019793
800,0.899397,1.075197,-0.175800
801,0.965032,0.886693,0.078340
802,0.867579,1.118166,-0.250587
803,0.785887,0.994495,-0.208608
804,0.879849,0.862258,0.017591
805,0.835703,1.028634,-0.192932
806,0.890385,0.704721,0.185664
807,0.991776,0.898495,0.093281
808,0.923224,1.410394,-0.487170
809,0.980689,0.841989,0.138700
81,0.901687,0.891345,0.010342
810,0.892226,0.787084,0.105143
811,0.851263,0.822681,0.028582
812,1.017692,0.861242,0.156450
813,1.090115,0.881716,0.208400
814,1.040944,0.788442,0.252502
815,0.992214,1.103769,-0.111555
816,0.895621,1.224741,-0.329120
817,0.914848,1.060583,-0.145735
818,0.954308,0.898651,0.055656
819,0.957936,0.869184,0.088751
82,1.091414,0.820737,0.270677
820,1.271704,0.805773,0.465931
821,1.119099,0.858108,0.260991
822,0.854595,0.880629,-0.026034
823,0.968627,0.736412,0.232215
824,0.839418,1.075078,-0.235660
825,0.977087,0.955300,0.021786
826,0.859021,0.826660,0.032361
827,0.774151,0.891462,-0.117311
828,0.996367,0.860415,0.135952
829,0.894825,0.790185,0.104639
83,0.715454,1.075356,-0.359901
830,0.840206,0.688500,0.151706
831,0.807472,0.696190,0.111282
832,0.826523,0.890310,-0.063786
833,1.066261,0.740314,0.325946
834,0.885720,0.737066,0.148654
835,1.158794,0.766139,0.392655
836,1.117098,0.898194,0.218905
837,0.973699,0.613374,0.360324
838,0.776579,0.903340,-0.126761
839,0.832901,0.885884,-0.052983
84,1.020458,0.962556,0.057902
840,0.927404,0.759947,0.167456
841,1.127910,0.968162,0.159748
842,0.858084,0.914771,-0.056687
843,1.038923,0.831186,0.207737
844,0.746008,0.933882,-0.187874
845,1.182986,0.934526,0.248460
846,0.801458,0.851244,-0.049786
847,1.079806,1.055007,0.024799
848,0.898733,0.855795,0.042939
849,1.011095,0.802519,0.208576
85,0.996720,0.748745,0.247975
850,0.838213,0.789315,0.048898
851,0.874194,0.920576,-0.046382
852,0.985712,0.679723,0.305990
853,0.815997,0.712551,0.103446
854,0.906930,0.938443,-0.031513
855,1.091145,0.895319,0.195827
856,0.842159,1.060069,-0.217910
857,0.937881,0.878264,0.059617
858,0.817292,0.957694,-0.140403
859,1.157665,0.900519,0.257146
86,0.837126,0.744030,0.093097
860,0.969297,0.797349,0.171948
861,0.955992,0.757735,0.198257
862,0.826884,0.608905,0.217979
863,1.037774,0.938147,0.099628
864,1.057900,0.911106,0.146795
865,1.053693,0.752739,0.300954
866,1.078621,0.808234,0.270387
867,0.974441,1.007049,-0.032609
868,0.842601,0.970703,-0.128102
869,1.016500,0.790303,0.226197
87,0.838678,0.892784,-0.054106
870,0.805102,0.876102,-0.071000
871,0.965425,0.937786,0.027639
872,0.930794,1.120133,-0.189339
873,1.004313,1.012155,-0.007842
874,1.010170,0.698129,0.312041
875,1.052654,1.165110,-0.112456
876,0.827066,0.937089,-0.110024
877,0.881738,1.013760,-0.132022
878,0.934342,0.838408,0.095935
879,0.900184,0.742779,0.157405
88,0.799500,0.929055,-0.129556
880,0.927765,0.981168,-0.053402
881,0.944021,1.100018,-0.155997
882,0.953073,0.860959,0.092114
883,0.905573,0.689013,0.216559
884,0.896258,0.993030,-0.096771
885,0.779694,1.033445,-0.253750
886,1.000437,0.664592,0.335845
887,0.792325,0.958390,-0.166064
888,1.115889,1.048429,0.067460
889,0.871798,0.670531,0.201266
89,0.535702,0.991155,-0.455453
890,0.994443,0.918436,0.076007
891,0.877974,0.927920,-0.049946
892,0.931453,0.981708,-0.050254
893,0.890007,0.893487,-0.003480
894,0.953378,0.917655,0.035723
895,1.043619,0.879982,0.163637
896,0.994518,1.009229,-0.014712
897,0.920686,0.893921,0.026765
898,0.835748,0.808110,0.027638
899,0.925048,0.607669,0.317379
9,0.782300,1.043659,-0.261359
90,0.901755,0.652749,0.249006
900,1.001163,0.883708,0.117455
901,0.949566,1.185546,-0.235981
902,1.053916,0.769170,0.284746
903,0.950628,1.049067,-0.098439
904,0.897240,0.733456,0.163784
905,0.900162,0.849465,0.050697
906,0.789862,1.029162,-0.239300
907,0.981484,0.847524,0.133960
908,0.870867,1.013597,-0.142729
909,0.906223,1.114751,-0.208528
91,0.937739,0.785878,0.151861
910,1.017437,0.863947,0.153489
911,0.957842,0.821462,0.136380
912,0.852040,1.036719,-0.184679
913,0.911354,0.670036,0.241318
914,0.892206,0.835459,0.056747
915,0.920616,0.893188,0.027429
916,0.758965,0.731842,0.027123
917,0.962481,0.773986,0.188495
918,0.920526,0.873807,0.046719
919,0.767992,1.070583,-0.302592
92,1.120801,1.111517,0.009285
920,1.010784,0.886141,0.124643
921,0.951932,0.975028,-0.023096
922,0.945531,0.863842,0.081689
923,1.022397,0.911960,0.110437
924,1.068839,0.887390,0.181449
925,0.856563,0.987615,-0.131052
926,1.004660,0.691658,0.313003
927,1.111446,0.888508,0.222939
928,0.833886,0.752850,0.081035
929,0.858645,0.735795,0.122850
93,0.639827,0.885559,-0.245731
930,0.861082,0.769298,0.091784
931,0.985644,0.602478,0.383165
932,0.983123,0.808167,0.174956
933,0.977610,1.019541,-0.041931
934,0.884461,1.026066,-0.141604
935,1.007490,0.975404,0.032086
936,1.034885,0.999917,0.034968
937,1.027119,0.735251,0.291869
938,0.873514,0.625379,0.248136
939,0.990016,1.090985,-0.100970
94,0.958072,0.770892,0.187180
940,0.984013,0.654970,0.329043
941,0.903236,0.671891,0.231345
942,0.927841,0.736432,0.191409
943,1.006834,1.061874,-0.055039
944,1.006281,0.880447,0.125835
945,0.891111,0.934890,-0.043778
946,0.783035,0.781566,0.001469
947,1.041512,0.670064,0.371449
948,1.028659,1.009905,0.018754
949,0.900653,0.846570,0.054083
95,0.593247,1.018012,-0.424765
950,1.194225,0.951471,0.242754
951,0.867146,0.771447,0.095699
952,0.900668,1.110254,-0.209586
953,0.919791,0.875647,0.044144
954,0.808549,0.735043,0.073506
955,0.869750,1.311546,-0.441796
956,0.975799,1.072854,-0.097055
957,0.935201,0.613570,0.321631
958,0.858830,0.756151,0.102679
959,0.888747,0.979569,-0.090822
96,0.838453,0.704355,0.134098
960,1.020284,0.908163,0.112121
961,0.982746,0.967497,0.015249
962,0.837022,1.098976,-0.261954
963,0.871465,0.682115,0.189350
964,0.969761,1.107841,-0.138080
965,0.976844,0.868555,0.108289
966,0.808292,0.912348,-0.104056
967,0.936688,1.004106,-0.067418
968,0.861760,0.912180,-0.050420
969,0.893302,0.878697,0.014605
97,0.792062,0.793276,-0.001214
970,0.915838,1.079797,-0.163959
971,0.977122,0.805515,0.171608
972,0.973250,0.892466,0.080784
973,1.038099,0.954870,0.083229
974,0.902843,0.948149,-0.045306
975,0.840664,1.062395,-0.221731
976,0.852862,0.851468,0.001394
977,0.946499,0.821857,0.124641
978,0.777587,0.956186,-0.178599
979,0.969469,1.189442,-0.219973
98,0.952516,1.004705,-0.052190
980,0.824104,0.699082,0.125021
981,0.923988,0.936043,-0.012056
982,0.885054,1.172840,-0.287786
983,0.880614,0.854610,0.026005
984,0.955320,0.904620,0.050700
985,1.037278,0.910549,0.126729
986,0.872564,1.034081,-0.161517
987,1.013416,0.687180,0.326235
988,0.920304,0.954412,-0.034108
989,0.721280,0.733175,-0.011895
99,0.597213,0.711196,-0.113983
990,0.920912,0.744056,0.176855
991,0.967823,0.794691,0.173132
992,0.907144,0.839122,0.068022
993,0.896667,0.744167,0.152500
994,1.034841,0.854038,0.180802
995,0.972229,1.062243,-0.090013
996,1.007253,1.047922,-0.040670
997,0.901236,0.800645,0.100590
998,0.980194,0.994939,-0.014746
999,0.873083,0.788782,0.084301
